id,symbol,name,image
bitcoin,btc,Bitcoin,https://coin-images.coingecko.com/coins/images/1/large/bitcoin.png?1696501400
ethereum,eth,Ethereum,https://coin-images.coingecko.com/coins/images/279/large/ethereum.png?1696501628
ripple,xrp,XRP,https://coin-images.coingecko.com/coins/images/44/large/xrp-symbol-white-128.png?1696501442
tether,usdt,Tether,https://coin-images.coingecko.com/coins/images/325/large/Tether.png?1696501661
binancecoin,bnb,BNB,https://coin-images.coingecko.com/coins/images/825/large/bnb-icon2_2x.png?1696501970
solana,sol,Solana,https://coin-images.coingecko.com/coins/images/4128/large/solana.png?1718769756
dogecoin,doge,Dogecoin,https://coin-images.coingecko.com/coins/images/5/large/dogecoin.png?1696501409
usd-coin,usdc,USDC,https://coin-images.coingecko.com/coins/images/6319/large/usdc.png?1696506694
cardano,ada,Cardano,https://coin-images.coingecko.com/coins/images/975/large/cardano.png?1696502090
staked-ether,steth,Lido Staked Ether,https://coin-images.coingecko.com/coins/images/13442/large/steth_logo.png?1696513206
tron,trx,TRON,https://coin-images.coingecko.com/coins/images/1094/large/tron-logo.png?1696502193
avalanche-2,avax,Avalanche,https://coin-images.coingecko.com/coins/images/12559/large/Avalanche_Circle_RedWhite_Trans.png?1696512369
sui,sui,Sui,https://coin-images.coingecko.com/coins/images/26375/large/sui-ocean-square.png?1727791290
wrapped-steth,wsteth,Wrapped stETH,https://coin-images.coingecko.com/coins/images/18834/large/wstETH.png?1696518295
chainlink,link,Chainlink,https://coin-images.coingecko.com/coins/images/877/large/chainlink-new-logo.png?1696502009
the-open-network,ton,Toncoin,https://coin-images.coingecko.com/coins/images/17980/large/photo_2024-09-10_17.09.00.jpeg?1725963446
shiba-inu,shib,Shiba Inu,https://coin-images.coingecko.com/coins/images/11939/large/shiba.png?1696511800
stellar,xlm,Stellar,https://coin-images.coingecko.com/coins/images/100/large/fmpFRHHQ_400x400.jpg?1735231350
wrapped-bitcoin,wbtc,Wrapped Bitcoin,https://coin-images.coingecko.com/coins/images/7598/large/wrapped_bitcoin_wbtc.png?1696507857
hedera-hashgraph,hbar,Hedera,https://coin-images.coingecko.com/coins/images/3688/large/hbar.png?1696504364
polkadot,dot,Polkadot,https://coin-images.coingecko.com/coins/images/12171/large/polkadot.png?1696512008
weth,weth,WETH,https://coin-images.coingecko.com/coins/images/2518/large/weth.png?1696503332
bitcoin-cash,bch,Bitcoin Cash,https://coin-images.coingecko.com/coins/images/780/large/bitcoin-cash-circle.png?1696501932
uniswap,uni,Uniswap,https://coin-images.coingecko.com/coins/images/12504/large/uniswap-logo.png?1720676669
pepe,pepe,Pepe,https://coin-images.coingecko.com/coins/images/29850/large/pepe-token.jpeg?1696528776
hyperliquid,hype,Hyperliquid,https://coin-images.coingecko.com/coins/images/50882/large/hyperliquid.jpg?1729431300
litecoin,ltc,Litecoin,https://coin-images.coingecko.com/coins/images/2/large/litecoin.png?1696501400
leo-token,leo,LEO Token,https://coin-images.coingecko.com/coins/images/8418/large/leo-token.png?1696508607
bitget-token,bgb,Bitget Token,https://coin-images.coingecko.com/coins/images/11610/large/icon_colour.png?1696511504
wrapped-eeth,weeth,Wrapped eETH,https://coin-images.coingecko.com/coins/images/33033/large/weETH.png?1701438396
near,near,NEAR Protocol,https://coin-images.coingecko.com/coins/images/10365/large/near.jpg?1696510367
ethena-usde,usde,Ethena USDe,https://coin-images.coingecko.com/coins/images/33613/large/usde.png?1733810059
usds,usds,USDS,https://coin-images.coingecko.com/coins/images/39926/large/usds.webp?1726666683
aptos,apt,Aptos,https://coin-images.coingecko.com/coins/images/26455/large/aptos_round.png?1696525528
internet-computer,icp,Internet Computer,https://coin-images.coingecko.com/coins/images/14495/large/Internet_Computer_logo.png?1696514180
aave,aave,Aave,https://coin-images.coingecko.com/coins/images/12645/large/aave-token-round.png?1720472354
render-token,render,Render,https://coin-images.coingecko.com/coins/images/11636/large/rndr.png?1696511529
mantle,mnt,Mantle,https://coin-images.coingecko.com/coins/images/30980/large/token-logo.png?1696529819
bittensor,tao,Bittensor,https://coin-images.coingecko.com/coins/images/28452/large/ARUsPeNQ_400x400.jpeg?1696527447
crypto-com-chain,cro,Cronos,https://coin-images.coingecko.com/coins/images/7310/large/cro_token_logo.png?1696507599
polygon-ecosystem-token,pol,POL (ex-MATIC),https://coin-images.coingecko.com/coins/images/32440/large/polygon.png?1698233684
ethereum-classic,etc,Ethereum Classic,https://coin-images.coingecko.com/coins/images/453/large/ethereum-classic-logo.png?1696501717
vechain,vet,VeChain,https://coin-images.coingecko.com/coins/images/1167/large/VET_Token_Icon.png?1710013505
fetch-ai,fet,Artificial Superintelligence Alliance,https://coin-images.coingecko.com/coins/images/5681/large/ASI.png?1719827289
virtual-protocol,virtual,Virtuals Protocol,https://coin-images.coingecko.com/coins/images/34057/large/LOGOMARK.png?1708356054
arbitrum,arb,Arbitrum,https://coin-images.coingecko.com/coins/images/16547/large/arb.jpg?1721358242
mantra-dao,om,MANTRA,https://coin-images.coingecko.com/coins/images/12151/large/OM_Token.png?1696511991
tokenize-xchange,tkx,Tokenize Xchange,https://coin-images.coingecko.com/coins/images/4984/large/TKX_-_Logo_-_RGB-15.png?1696505519
filecoin,fil,Filecoin,https://coin-images.coingecko.com/coins/images/12817/large/filecoin.png?1696512609
monero,xmr,Monero,https://coin-images.coingecko.com/coins/images/69/large/monero_logo.png?1696501460
ethena,ena,Ethena,https://coin-images.coingecko.com/coins/images/36530/large/ethena.png?1711701436
dai,dai,Dai,https://coin-images.coingecko.com/coins/images/9956/large/Badge_Dai.png?1696509996
algorand,algo,Algorand,https://coin-images.coingecko.com/coins/images/4380/large/download.png?1696504978
kaspa,kas,Kaspa,https://coin-images.coingecko.com/coins/images/25751/large/kaspa-icon-exchanges.png?1696524837
okb,okb,OKB,https://coin-images.coingecko.com/coins/images/4463/large/WeChat_Image_20220118095654.png?1696505053
cosmos,atom,Cosmos Hub,https://coin-images.coingecko.com/coins/images/1481/large/cosmos_hub.png?1696502525
optimism,op,Optimism,https://coin-images.coingecko.com/coins/images/25244/large/Optimism.png?1696524385
blockstack,stx,Stacks,https://coin-images.coingecko.com/coins/images/2069/large/Stacks_Logo_png.png?1709979332
celestia,tia,Celestia,https://coin-images.coingecko.com/coins/images/31967/large/tia.jpg?1696530772
pudgy-penguins,pengu,Pudgy Penguins,https://coin-images.coingecko.com/coins/images/52622/large/PUDGY_PENGUINS_PENGU_PFP.png?1733809110
bonk,bonk,Bonk,https://coin-images.coingecko.com/coins/images/28600/large/bonk.jpg?1696527587
injective-protocol,inj,Injective,https://coin-images.coingecko.com/coins/images/12882/large/Secondary_Symbol.png?1696512670
theta-token,theta,Theta Network,https://coin-images.coingecko.com/coins/images/2538/large/theta-token-logo.png?1696503349
immutable-x,imx,Immutable,https://coin-images.coingecko.com/coins/images/17233/large/immutableX-symbol-BLK-RGB.png?1696516787
sonic-3,s,Sonic,https://coin-images.coingecko.com/coins/images/38108/large/200x200_Sonic_Logo.png?1734679256
movement,move,Movement,https://coin-images.coingecko.com/coins/images/39345/large/movement-testnet-token.png?1721878759
gatechain-token,gt,Gate,https://coin-images.coingecko.com/coins/images/8183/large/200X200.png?1735246724
ai16z,ai16z,ai16z,https://coin-images.coingecko.com/coins/images/51090/large/AI16Z.jpg?1730027175
the-graph,grt,The Graph,https://coin-images.coingecko.com/coins/images/13397/large/Graph_Token.png?1696513159
worldcoin-wld,wld,Worldcoin,https://coin-images.coingecko.com/coins/images/31069/large/worldcoin.jpeg?1696529903
binance-peg-weth,weth,Binance-Peg WETH,https://coin-images.coingecko.com/coins/images/39580/large/weth.png?1723006716
ondo-finance,ondo,Ondo,https://coin-images.coingecko.com/coins/images/26580/large/ONDO.png?1696525656
coinbase-wrapped-btc,cbbtc,Coinbase Wrapped BTC,https://coin-images.coingecko.com/coins/images/40143/large/cbbtc.webp?1726136727
fantom,ftm,Fantom,https://coin-images.coingecko.com/coins/images/4001/large/Fantom_round.png?1696504642
dogwifcoin,wif,dogwifhat,https://coin-images.coingecko.com/coins/images/33566/large/dogwifhat.jpg?1702499428
sei-network,sei,Sei,https://coin-images.coingecko.com/coins/images/28205/large/Sei_Logo_-_Transparent.png?1696527207
floki,floki,FLOKI,https://coin-images.coingecko.com/coins/images/16746/large/PNG_image.png?1696516318
first-digital-usd,fdusd,First Digital USD,https://coin-images.coingecko.com/coins/images/31079/large/FDUSD_icon_black.png?1731097953
rocket-pool-eth,reth,Rocket Pool ETH,https://coin-images.coingecko.com/coins/images/20764/large/reth.png?1696520159
usual-usd,usd0,Usual USD,https://coin-images.coingecko.com/coins/images/38272/large/USD0LOGO.png?1716962811
jasmycoin,jasmy,JasmyCoin,https://coin-images.coingecko.com/coins/images/13876/large/JASMY200x200.jpg?1696513620
kelp-dao-restaked-eth,rseth,Kelp DAO Restaked ETH,https://coin-images.coingecko.com/coins/images/33800/large/Icon___Dark.png?1702991855
lido-dao,ldo,Lido DAO,https://coin-images.coingecko.com/coins/images/13573/large/Lido_DAO.png?1696513326
gala,gala,GALA,https://coin-images.coingecko.com/coins/images/12493/large/GALA_token_image_-_200PNG.png?1709725869
quant-network,qnt,Quant,https://coin-images.coingecko.com/coins/images/3370/large/5ZOu7brX_400x400.jpg?1696504070
raydium,ray,Raydium,https://coin-images.coingecko.com/coins/images/13928/large/PSigc4ie_400x400.jpg?1696513668
the-sandbox,sand,The Sandbox,https://coin-images.coingecko.com/coins/images/12129/large/sandbox_logo.jpg?1696511971
lombard-staked-btc,lbtc,Lombard Staked BTC,https://coin-images.coingecko.com/coins/images/39969/large/LBTC_Logo.png?1724959872
mantle-staked-ether,meth,Mantle Staked Ether,https://coin-images.coingecko.com/coins/images/33345/large/symbol_transparent_bg.png?1701697066
thorchain,rune,THORChain,https://coin-images.coingecko.com/coins/images/6595/large/Rune200x200.png?1696506946
jupiter-exchange-solana,jup,Jupiter,https://coin-images.coingecko.com/coins/images/34188/large/jup.png?1704266489
fasttoken,ftn,Fasttoken,https://coin-images.coingecko.com/coins/images/28478/large/lightenicon_200x200.png?1696527472
flare-networks,flr,Flare,https://coin-images.coingecko.com/coins/images/28624/large/FLR-icon200x200.png?1696527609
tezos,xtz,Tezos,https://coin-images.coingecko.com/coins/images/976/large/Tezos-logo.png?1696502091
xdce-crowd-sale,xdc,XDC Network,https://coin-images.coingecko.com/coins/images/2912/large/xdc-icon.png?1696503661
based-brett,brett,Brett,https://coin-images.coingecko.com/coins/images/35529/large/1000050750.png?1709031995
maker,mkr,Maker,https://coin-images.coingecko.com/coins/images/1364/large/Mark_Maker.png?1696502423
binance-staked-sol,bnsol,Binance Staked SOL,https://coin-images.coingecko.com/coins/images/40132/large/bnsol.png?1725968367
beam-2,beam,Beam,https://coin-images.coingecko.com/coins/images/32417/large/chain-logo.png?1698114384
pyth-network,pyth,Pyth Network,https://coin-images.coingecko.com/coins/images/31924/large/pyth.png?1701245725
eos,eos,EOS,https://coin-images.coingecko.com/coins/images/738/large/CG_EOS_Icon.png?1731705232
nexo,nexo,NEXO,https://coin-images.coingecko.com/coins/images/3695/large/CG-nexo-token-200x200_2x.png?1730414360
kucoin-shares,kcs,KuCoin,https://coin-images.coingecko.com/coins/images/1047/large/sa9z79.png?1696502152
solv-btc,solvbtc,Solv Protocol SolvBTC,https://coin-images.coingecko.com/coins/images/36800/large/solvBTC.png?1719810684
iota,iota,IOTA,https://coin-images.coingecko.com/coins/images/692/large/IOTA_Swirl.png?1696501881
kaia,kaia,Kaia,https://coin-images.coingecko.com/coins/images/39901/large/KAIA.png?1724734368
spx6900,spx,SPX6900,https://coin-images.coingecko.com/coins/images/31401/large/sticker_%281%29.jpg?1702371083
bittorrent,btt,BitTorrent,https://coin-images.coingecko.com/coins/images/22457/large/btt_logo.png?1696521780
flow,flow,Flow,https://coin-images.coingecko.com/coins/images/13446/large/5f6294c0c7a8cda55cb1c936_Flow_Wordmark.png?1696513210
aioz-network,aioz,AIOZ Network,https://coin-images.coingecko.com/coins/images/14631/large/aioz-logo-200.png?1696514309
curve-dao-token,crv,Curve DAO,https://coin-images.coingecko.com/coins/images/12124/large/Curve.png?1696511967
starknet,strk,Starknet,https://coin-images.coingecko.com/coins/images/26433/large/starknet.png?1696525507
fartcoin,fartcoin,Fartcoin,https://coin-images.coingecko.com/coins/images/50891/large/fart.jpg?1729503972
arweave,ar,Arweave,https://coin-images.coingecko.com/coins/images/4343/large/oRt6SiEN_400x400.jpg?1696504946
ethereum-name-service,ens,Ethereum Name Service,https://coin-images.coingecko.com/coins/images/19785/large/ENS.jpg?1727872989
msol,msol,Marinade Staked SOL,https://coin-images.coingecko.com/coins/images/17752/large/mSOL.png?1696517278
bitcoin-cash-sv,bsv,Bitcoin SV,https://coin-images.coingecko.com/coins/images/6799/large/BSV.png?1696507128
renzo-restaked-eth,ezeth,Renzo Restaked ETH,https://coin-images.coingecko.com/coins/images/34753/large/Ezeth_logo_circle.png?1713496404
dydx-chain,dydx,dYdX,https://coin-images.coingecko.com/coins/images/32594/large/dydx.png?1698673495
neo,neo,NEO,https://coin-images.coingecko.com/coins/images/480/large/NEO_512_512.png?1696501735
coredaoorg,core,Core,https://coin-images.coingecko.com/coins/images/28938/large/file_589.jpg?1701868471
bio-protocol,bio,Bio Protocol,https://coin-images.coingecko.com/coins/images/53022/large/bio.jpg?1735011002
axie-infinity,axs,Axie Infinity,https://coin-images.coingecko.com/coins/images/13029/large/axie_infinity_logo.png?1696512817
helium,hnt,Helium,https://coin-images.coingecko.com/coins/images/4284/large/Helium_HNT.png?1696504894
susds,susds,sUSDS,https://coin-images.coingecko.com/coins/images/52721/large/sUSDS_Coin.png?1734086971
aerodrome-finance,aero,Aerodrome Finance,https://coin-images.coingecko.com/coins/images/31745/large/token.png?1696530564
decentraland,mana,Decentraland,https://coin-images.coingecko.com/coins/images/878/large/decentraland-mana.png?1696502010
elrond-erd-2,egld,MultiversX,https://coin-images.coingecko.com/coins/images/12335/large/egld-token-logo.png?1696512162
mog-coin,mog,Mog Coin,https://coin-images.coingecko.com/coins/images/31059/large/MOG_LOGO_200x200.png?1696529893
matic-network,matic,Polygon,https://coin-images.coingecko.com/coins/images/4713/large/polygon.png?1698233745
binance-peg-dogecoin,doge,Binance-Peg Dogecoin,https://coin-images.coingecko.com/coins/images/15768/large/dogecoin.png?1696515392
solv-protocol-solvbtc-bbn,solvbtc.bbn,Solv Protocol SolvBTC.BBN,https://coin-images.coingecko.com/coins/images/39384/large/unnamed.png?1721961640
apecoin,ape,ApeCoin,https://coin-images.coingecko.com/coins/images/24383/large/apecoin.jpg?1696523566
akash-network,akt,Akash Network,https://coin-images.coingecko.com/coins/images/12785/large/akash-logo.png?1696512580
dexe,dexe,DeXe,https://coin-images.coingecko.com/coins/images/12713/large/DEXE_token_logo.png?1696512514
zcash,zec,Zcash,https://coin-images.coingecko.com/coins/images/486/large/circle-zcash-color.png?1696501740
jito-governance-token,jto,Jito,https://coin-images.coingecko.com/coins/images/33228/large/jto.png?1701137022
ether-fi-staked-eth,eeth,ether.fi Staked ETH,https://coin-images.coingecko.com/coins/images/33049/large/ether.fi_eETH.png?1700473063
wbnb,wbnb,Wrapped BNB,https://coin-images.coingecko.com/coins/images/12591/large/binance-coin-logo.png?1696512401
reserve-rights-token,rsr,Reserve Rights,https://coin-images.coingecko.com/coins/images/8365/large/RSR_Blue_Circle_1000.png?1721777856
arbitrum-bridged-wbtc-arbitrum-one,wbtc,Arbitrum Bridged WBTC (Arbitrum One),https://coin-images.coingecko.com/coins/images/39532/large/wbtc.png?1722810336
echelon-prime,prime,Echelon Prime,https://coin-images.coingecko.com/coins/images/29053/large/prime-logo-small-border_%282%29.png?1696528020
chiliz,chz,Chiliz,https://coin-images.coingecko.com/coins/images/8834/large/CHZ_Token_updated.png?1696508986
conflux-token,cfx,Conflux,https://coin-images.coingecko.com/coins/images/13079/large/3vuYMbjN.png?1696512867
gigachad-2,giga,Gigachad,https://coin-images.coingecko.com/coins/images/34755/large/IMG_0015.png?1705957165
pendle,pendle,Pendle,https://coin-images.coingecko.com/coins/images/15069/large/Pendle_Logo_Normal-03.png?1696514728
wormhole,w,Wormhole,https://coin-images.coingecko.com/coins/images/35087/large/womrhole_logo_full_color_rgb_2000px_72ppi_fb766ac85a.png?1708688954
l2-standard-bridged-weth-base,weth,L2 Standard Bridged WETH (Base),https://coin-images.coingecko.com/coins/images/39810/large/weth.png?1724139790
eigenlayer,eigen,Eigenlayer,https://coin-images.coingecko.com/coins/images/37441/large/eigen.jpg?1728023974
zksync,zk,ZKsync,https://coin-images.coingecko.com/coins/images/38043/large/ZKTokenBlack.png?1718614502
jupiter-staked-sol,jupsol,Jupiter Staked SOL,https://coin-images.coingecko.com/coins/images/37482/large/jupsol.png?1714473916
pancakeswap-token,cake,PancakeSwap,https://coin-images.coingecko.com/coins/images/12632/large/pancakeswap-cake-logo_%281%29.png?1696512440
arbitrum-bridged-weth-arbitrum-one,weth,Arbitrum Bridged WETH (Arbitrum One),https://coin-images.coingecko.com/coins/images/39713/large/WETH.PNG?1723731496
mina-protocol,mina,Mina Protocol,https://coin-images.coingecko.com/coins/images/15628/large/JM4_vQ34_400x400.png?1696515261
popcat,popcat,Popcat,https://coin-images.coingecko.com/coins/images/33760/large/image.jpg?1702964227
ecash,xec,eCash,https://coin-images.coingecko.com/coins/images/16646/large/Logo_final-22.png?1696516207
ronin,ron,Ronin,https://coin-images.coingecko.com/coins/images/20009/large/photo_2024-04-06_22-52-24.jpg?1712415367
usdd,usdd,USDD,https://coin-images.coingecko.com/coins/images/25380/large/UUSD.jpg?1696524513
compound-governance-token,comp,Compound,https://coin-images.coingecko.com/coins/images/10775/large/COMP.png?1696510737
gnosis,gno,Gnosis,https://coin-images.coingecko.com/coins/images/662/large/logo_square_simple_300px.png?1696501854
havven,snx,Synthetix Network,https://coin-images.coingecko.com/coins/images/3406/large/SNX.png?1696504103
dydx,ethdydx,dYdX,https://coin-images.coingecko.com/coins/images/17500/large/hjnIm9bV.jpg?1696517040
mantle-restaked-eth,cmeth,Mantle Restaked ETH,https://coin-images.coingecko.com/coins/images/51114/large/symbol.png?1730117724
peanut-the-squirrel,pnut,Peanut the Squirrel,https://coin-images.coingecko.com/coins/images/51301/large/Peanut_the_Squirrel.png?1734941241
grass,grass,Grass,https://coin-images.coingecko.com/coins/images/40094/large/Grass.jpg?1725697048
dog-go-to-the-moon-rune,dog,Dog (Bitcoin),https://coin-images.coingecko.com/coins/images/37352/large/DOGGOTOTHEMOON.png?1714096969
notcoin,not,Notcoin,https://coin-images.coingecko.com/coins/images/33453/large/rFmThDiD_400x400.jpg?1701876350
superfarm,super,SuperVerse,https://coin-images.coingecko.com/coins/images/14040/large/SV-Logo-200x200.png?1706880312
turbo,turbo,Turbo,https://coin-images.coingecko.com/coins/images/30117/large/TurboMark-QL_200.png?1708079597
amp-token,amp,Amp,https://coin-images.coingecko.com/coins/images/12409/large/amp-200x200.png?1696512231
ether-fi-staked-btc,ebtc,Ether.fi Staked BTC,https://coin-images.coingecko.com/coins/images/50411/large/eBTC.png?1727664788
akuma-inu,akuma,Akuma Inu,https://coin-images.coingecko.com/coins/images/52182/large/IMG_8186.png?1735828700
axelar,axl,Axelar,https://coin-images.coingecko.com/coins/images/27277/large/V-65_xQ1_400x400.jpeg?1696526329
tether-gold,xaut,Tether Gold,https://coin-images.coingecko.com/coins/images/10481/large/Tether_Gold.png?1696510471
terra-luna,lunc,Terra Luna Classic,https://coin-images.coingecko.com/coins/images/8284/large/01_LunaClassic_color.png?1696508486
frax,frax,Frax,https://coin-images.coingecko.com/coins/images/13422/large/FRAX_icon.png?1696513182
layerzero,zro,LayerZero,https://coin-images.coingecko.com/coins/images/28206/large/ftxG9_TJ_400x400.jpeg?1696527208
freysa-ai,fai,Freysa AI,https://coin-images.coingecko.com/coins/images/52315/large/FAI.png?1733076295
coinbase-wrapped-staked-eth,cbeth,Coinbase Wrapped Staked ETH,https://coin-images.coingecko.com/coins/images/27008/large/cbeth.png?1709186989
cat-in-a-dogs-world,mew,cat in a dogs world,https://coin-images.coingecko.com/coins/images/36440/large/MEW.png?1711442286
oasis-network,rose,Oasis,https://coin-images.coingecko.com/coins/images/13162/large/OASIS.jpg?1727698287
livepeer,lpt,Livepeer,https://coin-images.coingecko.com/coins/images/7137/large/badge-logo-circuit-green.png?1719357686
ordinals,ordi,ORDI,https://coin-images.coingecko.com/coins/images/30162/large/ordi.png?1696529082
1inch,1inch,1inch,https://coin-images.coingecko.com/coins/images/13469/large/1inch-token.png?1696513230
usdx-money-usdx,usdx,usdx.money USDX,https://coin-images.coingecko.com/coins/images/50360/large/USDX200px.png?1731906044
kava,kava,Kava,https://coin-images.coingecko.com/coins/images/9761/large/kava.png?1696509822
safe,safe,Safe,https://coin-images.coingecko.com/coins/images/27032/large/Artboard_1_copy_8circle-1.png?1696526084
blur,blur,Blur,https://coin-images.coingecko.com/coins/images/28453/large/blur.png?1696527448
kusama,ksm,Kusama,https://coin-images.coingecko.com/coins/images/9568/large/m4zRhP5e_400x400.jpg?1696509648
snek,snek,Snek,https://coin-images.coingecko.com/coins/images/30496/large/snek_icon_200.png?1703346174
beldex,bdx,Beldex,https://coin-images.coingecko.com/coins/images/5111/large/Beldex.png?1696505631
nervos-network,ckb,Nervos Network,https://coin-images.coingecko.com/coins/images/9566/large/Nervos_White.png?1696509646
arkham,arkm,Arkham,https://coin-images.coingecko.com/coins/images/30929/large/Arkham_Logo_CG.png?1696529771
morpho,morpho,Morpho,https://coin-images.coingecko.com/coins/images/29837/large/Morpho-token-icon.png?1726771230
baby-doge-coin,babydoge,Baby Doge Coin,https://coin-images.coingecko.com/coins/images/16125/large/babydoge.jpg?1696515731
apenft,nft,APENFT,https://coin-images.coingecko.com/coins/images/15687/large/apenft.jpg?1696515316
bitcoin-avalanche-bridged-btc-b,btc.b,Avalanche Bridged BTC (Avalanche),https://coin-images.coingecko.com/coins/images/26115/large/btcb.png?1696525205
frax-ether,frxeth,Frax Ether,https://coin-images.coingecko.com/coins/images/28284/large/frxETH_icon.png?1696527284
pax-gold,paxg,PAX Gold,https://coin-images.coingecko.com/coins/images/9519/large/paxgold.png?1696509604
pumpbtc,pumpbtc,pumpBTC,https://coin-images.coingecko.com/coins/images/39232/large/200pxPumpBTCLogo.png?1721227861
polygon-pos-bridged-weth-polygon-pos,weth,Polygon PoS Bridged WETH (Polygon POS),https://coin-images.coingecko.com/coins/images/39708/large/WETH.PNG?1723730343
aixbt,aixbt,aixbt by Virtuals,https://coin-images.coingecko.com/coins/images/51784/large/3.png?1731981138
vana,vana,Vana,https://coin-images.coingecko.com/coins/images/51404/large/logo.png?1731086679
creditcoin-2,ctc,Creditcoin,https://coin-images.coingecko.com/coins/images/10569/large/ctc.png?1696510552
trust-wallet-token,twt,Trust Wallet,https://coin-images.coingecko.com/coins/images/11085/large/Trust.png?1696511026
dash,dash,Dash,https://coin-images.coingecko.com/coins/images/19/large/dash-logo.png?1696501423
chex-token,chex,CHEX Token,https://coin-images.coingecko.com/coins/images/10349/large/logo-white-bg-dark.png?1733475849
goatseus-maximus,goat,Goatseus Maximus,https://coin-images.coingecko.com/coins/images/50717/large/GOAT_LOGO_NEW.jpg?1731292759
ether-fi,ethfi,Ether.fi,https://coin-images.coingecko.com/coins/images/35958/large/etherfi.jpeg?1710254562
paypal-usd,pyusd,PayPal USD,https://coin-images.coingecko.com/coins/images/31212/large/PYUSD_Logo_%282%29.png?1696530039
swarms,swarms,Swarms,https://coin-images.coingecko.com/coins/images/52988/large/swarms.jpg?1734921510
true-usd,tusd,TrueUSD,https://coin-images.coingecko.com/coins/images/3449/large/tusd.png?1696504140
telcoin,tel,Telcoin,https://coin-images.coingecko.com/coins/images/1899/large/tel.png?1696502892
astar,astr,Astar,https://coin-images.coingecko.com/coins/images/22617/large/astr.png?1696521933
griffain,griffain,GRIFFAIN,https://coin-images.coingecko.com/coins/images/52547/large/aAp7HijF4Uf1SkZO3FsVMyrbBc5kux_0vIlI7Amxiu7ygza2T_Swtp8bA2KoL_yU0YWw7c52LG9wflD7b5KMZ6GNJgDtgQfmMKy75SBQ5ldIHl6qffC9SNWqKyvqKQJ5sWZgJnXztPPsuJD_IVTTdPlabPlxxuNq7OAxQcjCbRxnge3tim3QyyIrc5vTOzWR93BoZVf0pd7EzwziVlhzov.jpg?1733590142
sweth,sweth,Swell Ethereum,https://coin-images.coingecko.com/coins/images/30326/large/_lB7zEtS_400x400.jpg?1696529227
io,io,io.net,https://coin-images.coingecko.com/coins/images/37754/large/io_blackbg.png?1715446363
theta-fuel,tfuel,Theta Fuel,https://coin-images.coingecko.com/coins/images/8029/large/1_0YusgngOrriVg4ZYx4wOFQ.png?1696508251
stader-ethx,ethx,Stader ETHx,https://coin-images.coingecko.com/coins/images/30870/large/staderx.png?1696529717
mocaverse,moca,Moca Network,https://coin-images.coingecko.com/coins/images/37812/large/moca.jpg?1720693068
agentfun-ai,agentfun,AgentFun.AI,https://coin-images.coingecko.com/coins/images/52133/large/AIFUN_%282%29.png?1732639482
book-of-meme,bome,BOOK OF MEME,https://coin-images.coingecko.com/coins/images/36071/large/bome.png?1710407255
usual,usual,Usual,https://coin-images.coingecko.com/coins/images/51091/large/USUAL.jpg?1730035787
tbtc,tbtc,tBTC,https://coin-images.coingecko.com/coins/images/11224/large/0x18084fba666a33d37592fa2633fd49a74dd93a88.png?1696511155
super-oeth,superoethb,Super OETH,https://coin-images.coingecko.com/coins/images/39828/large/Super_OETH.png?1724208268
holotoken,hot,Holo,https://coin-images.coingecko.com/coins/images/3348/large/Holologo_Profile.png?1696504052
woo-network,woo,WOO,https://coin-images.coingecko.com/coins/images/12921/large/WOO_Logos_2023_Profile_Pic_WOO.png?1696512709
zilliqa,zil,Zilliqa,https://coin-images.coingecko.com/coins/images/2687/large/Zilliqa-logo.png?1696503475
zerebro,zerebro,Zerebro,https://coin-images.coingecko.com/coins/images/51289/large/zerebro_2.png?1730588883
zencash,zen,Horizen,https://coin-images.coingecko.com/coins/images/691/large/horizen.png?1696501880
ondo-us-dollar-yield,usdy,Ondo US Dollar Yield,https://coin-images.coingecko.com/coins/images/31700/large/usdy_%281%29.png?1696530524
0x,zrx,0x Protocol,https://coin-images.coingecko.com/coins/images/863/large/0x.png?1696501996
enjincoin,enj,Enjin Coin,https://coin-images.coingecko.com/coins/images/1102/large/Symbol_Only_-_Purple.png?1709725966
neiro-3,neiro,Neiro,https://coin-images.coingecko.com/coins/images/39488/large/neiro.jpg?1731449567
just,jst,JUST,https://coin-images.coingecko.com/coins/images/11095/large/JUST.jpg?1696511035
bridged-usdc-polygon-pos-bridge,usdc.e,Bridged USDC (Polygon PoS Bridge),https://coin-images.coingecko.com/coins/images/33000/large/usdc.png?1700119918
aethir,ath,Aethir,https://coin-images.coingecko.com/coins/images/36179/large/logogram_circle_dark_green_vb_green_%281%29.png?1718232706
magic-eden,me,Magic Eden,https://coin-images.coingecko.com/coins/images/39850/large/_ME_Profile_Dark_2x.png?1734013082
stepn,gmt,GMT,https://coin-images.coingecko.com/coins/images/23597/large/token-gmt-200x200.png?1703153841
deep,deep,DeepBook,https://coin-images.coingecko.com/coins/images/50648/large/DEEP_Logo_256x256_px_%282%29.png?1728612340
golem,glm,Golem,https://coin-images.coingecko.com/coins/images/542/large/Golem_Submark_Positive_RGB.png?1696501761
convex-finance,cvx,Convex Finance,https://coin-images.coingecko.com/coins/images/15585/large/convex.png?1696515221
wemix-token,wemix,WEMIX,https://coin-images.coingecko.com/coins/images/12998/large/wemixcoin_color_200.png?1696512788
verus-coin,vrsc,Verus,https://coin-images.coingecko.com/coins/images/6769/large/Screenshot_33.png?1696507103
basic-attention-token,bat,Basic Attention,https://coin-images.coingecko.com/coins/images/677/large/basic-attention-token.png?1696501867
resolv-usr,usr,Resolv USR,https://coin-images.coingecko.com/coins/images/40008/large/USR_LOGO.png?1725222638
usdb,usdb,USDB,https://coin-images.coingecko.com/coins/images/35595/large/65c67f0ebf2f6a1bd0feb13c_usdb-icon-yellow.png?1709255427
celo,celo,Celo,https://coin-images.coingecko.com/coins/images/11090/large/InjXBNx9_400x400.jpg?1696511031
hashnote-usyc,usyc,Hashnote USYC,https://coin-images.coingecko.com/coins/images/51054/large/Hashnote_SDYC_200x200.png?1730370965
peaq-2,peaq,peaq,https://coin-images.coingecko.com/coins/images/51415/large/peaq-token-brand-icon_%281%29.png?1731122664
paal-ai,paal,PAAL AI,https://coin-images.coingecko.com/coins/images/30815/large/Paal_New_Logo_%281%29.png?1718160584
memecoin-2,meme,Memecoin,https://coin-images.coingecko.com/coins/images/32528/large/memecoin_%282%29.png?1698912168
ankr,ankr,Ankr Network,https://coin-images.coingecko.com/coins/images/4324/large/U85xTl2.png?1696504928
liquid-staked-ethereum,lseth,Liquid Staked ETH,https://coin-images.coingecko.com/coins/images/28848/large/LsETH-receipt-token-circle.png?1696527824
benqi-liquid-staked-avax,savax,BENQI Liquid Staked AVAX,https://coin-images.coingecko.com/coins/images/23657/large/savax_blue.png?1696522860
staked-frax-ether,sfrxeth,Staked Frax Ether,https://coin-images.coingecko.com/coins/images/28285/large/sfrxETH_icon.png?1696527285
act-i-the-ai-prophecy,act,Act I The AI Prophecy,https://coin-images.coingecko.com/coins/images/50984/large/ai_prophecy.jpg?1729653897
osmosis,osmo,Osmosis,https://coin-images.coingecko.com/coins/images/16724/large/osmo.png?1696516298
zetachain,zeta,ZetaChain,https://coin-images.coingecko.com/coins/images/26718/large/Twitter_icon.png?1696525788
iotex,iotx,IoTeX,https://coin-images.coingecko.com/coins/images/3334/large/Token_Icon_Token_Icon.png?1727899869
drift-protocol,drift,Drift Protocol,https://coin-images.coingecko.com/coins/images/37509/large/DRIFT.png?1715842607
quantixai,qai,QuantixAI,https://coin-images.coingecko.com/coins/images/36166/large/200px_Qai.png?1726228972
sats-ordinals,sats,SATS (Ordinals),https://coin-images.coingecko.com/coins/images/30666/large/_dD8qr3M_400x400.png?1702913020
mx-token,mx,MX,https://coin-images.coingecko.com/coins/images/8545/large/MEXC_GLOBAL_LOGO.jpeg?1696508719
siacoin,sc,Siacoin,https://coin-images.coingecko.com/coins/images/289/large/siacoin.png?1696501638
ethereum-pow-iou,ethw,EthereumPoW,https://coin-images.coingecko.com/coins/images/26997/large/logo-clear.png?1696526049
ai-rig-complex,arc,AI Rig Complex,https://coin-images.coingecko.com/coins/images/52701/large/u312bPNA_400x400.jpg?1734044765
aelf,elf,aelf,https://coin-images.coingecko.com/coins/images/1371/large/aelf-logo.png?1696502429
binance-peg-busd,busd,Binance-Peg BUSD,https://coin-images.coingecko.com/coins/images/31273/large/new_binance-peg-busd.png?1696530096
qtum,qtum,Qtum,https://coin-images.coingecko.com/coins/images/684/large/Qtum_Logo_blue_CG.png?1696501874
harmony,one,Harmony,https://coin-images.coingecko.com/coins/images/4344/large/Y88JAze.png?1696504947
aevo-exchange,aevo,Aevo,https://coin-images.coingecko.com/coins/images/35893/large/aevo.png?1710138340
swissborg,borg,SwissBorg,https://coin-images.coingecko.com/coins/images/2117/large/YJUrRy7r_400x400.png?1696503083
qubic-network,qubic,Qubic,https://coin-images.coingecko.com/coins/images/32949/large/QubicLogo-Token.png?1731185925
origintrail,trac,OriginTrail,https://coin-images.coingecko.com/coins/images/1877/large/TRAC.jpg?1696502873
compound-wrapped-btc,cwbtc,cWBTC,https://coin-images.coingecko.com/coins/images/10823/large/cwbtc.png?1696510780
manta-network,manta,Manta Network,https://coin-images.coingecko.com/coins/images/34289/large/manta.jpg?1704468717
ultima,ultima,Ultima,https://coin-images.coingecko.com/coins/images/31844/large/ULTIMA.jpg?1696530658
terra-luna-2,luna,Terra,https://coin-images.coingecko.com/coins/images/25767/large/01_Luna_color.png?1696524851
polygon-bridged-wbtc-polygon-pos,wbtc,Polygon Bridged WBTC (Polygon POS),https://coin-images.coingecko.com/coins/images/39530/large/wbtc.png?1722809402
safepal,sfp,SafePal,https://coin-images.coingecko.com/coins/images/13905/large/sfp.png?1696513647
sushi,sushi,Sushi,https://coin-images.coingecko.com/coins/images/12271/large/512x512_Logo_no_chop.png?1696512101
gas,gas,Gas,https://coin-images.coingecko.com/coins/images/858/large/GAS_512_512.png?1696501992
polymesh,polyx,Polymesh,https://coin-images.coingecko.com/coins/images/23496/large/Polymesh-symbol.png?1696522706
olympus,ohm,Olympus,https://coin-images.coingecko.com/coins/images/14483/large/token_OHM_%281%29.png?1696514169
bridged-wrapped-ether-starkgate,eth,Bridged Ether (StarkGate),https://coin-images.coingecko.com/coins/images/32208/large/ethereum.png?1696752015
would,would,would,https://coin-images.coingecko.com/coins/images/52316/large/QmXJR6Q2zkqpotTY2nMP6k76LykKW7z4tgfQfH1ZUo57Dt.jpeg?1733076468
frax-share,fxs,Frax Share,https://coin-images.coingecko.com/coins/images/13423/large/Frax_Shares_icon.png?1696513183
ravencoin,rvn,Ravencoin,https://coin-images.coingecko.com/coins/images/3412/large/ravencoin.png?1696504108
dymension,dym,Dymension,https://coin-images.coingecko.com/coins/images/34182/large/dym.png?1704253006
l2-standard-bridged-weth-blast,weth,L2 Standard Bridged WETH (Blast),https://coin-images.coingecko.com/coins/images/39727/large/weth.png?1723758119
chia,xch,Chia,https://coin-images.coingecko.com/coins/images/15174/large/zV5K5y9f_400x400.png?1696514829
solayer-staked-sol,ssol,Solayer Staked SOL,https://coin-images.coingecko.com/coins/images/39933/large/image_%283%29.png?1731705921
mask-network,mask,Mask Network,https://coin-images.coingecko.com/coins/images/14051/large/Mask_Network.jpg?1696513776
0x0-ai-ai-smart-contract,0x0,0x0.ai: AI Smart Contract,https://coin-images.coingecko.com/coins/images/28880/large/0x0.png?1696527857
clearpool,cpool,Clearpool,https://coin-images.coingecko.com/coins/images/19252/large/photo_2022-08-31_12.45.02.jpeg?1696518697
kadena,kda,Kadena,https://coin-images.coingecko.com/coins/images/3693/large/Social_-_Profile_Picture.png?1723001308
biconomy,bico,Biconomy,https://coin-images.coingecko.com/coins/images/21061/large/biconomy_logo.jpg?1696520444
threshold-network-token,t,Threshold Network,https://coin-images.coingecko.com/coins/images/22228/large/nFPNiSbL_400x400.jpg?1696521570
yearn-finance,yfi,yearn.finance,https://coin-images.coingecko.com/coins/images/11849/large/yearn.jpg?1696511720
illuvium,ilv,Illuvium,https://coin-images.coingecko.com/coins/images/14468/large/logo-200x200.png?1696514154
hive,hive,Hive,https://coin-images.coingecko.com/coins/images/10840/large/logo_transparent_4x.png?1696510797
xyo-network,xyo,XYO Network,https://coin-images.coingecko.com/coins/images/4519/large/XYO_Network-logo.png?1696505103
altlayer,alt,AltLayer,https://coin-images.coingecko.com/coins/images/34608/large/Logomark_200x200.png?1715107868
metis-token,metis,Metis,https://coin-images.coingecko.com/coins/images/15595/large/Metis_Black_Bg.png?1702968192
mimblewimblecoin,mwc,MimbleWimbleCoin,https://coin-images.coingecko.com/coins/images/9989/large/E5zZUXza_400x400.jpg?1696510026
dogs-2,dogs,Dogs,https://coin-images.coingecko.com/coins/images/39699/large/dogs_logo_200x200.png?1723687163
nosana,nos,Nosana,https://coin-images.coingecko.com/coins/images/22553/large/POfb_I4u_400x400.jpg?1696521873
tribe-2,tribe,Tribe,https://coin-images.coingecko.com/coins/images/14575/large/tribe.PNG?1696514256
wrapped-avax,wavax,Wrapped AVAX,https://coin-images.coingecko.com/coins/images/15075/large/wrapped-avax.png?1696514734
uxlink,uxlink,UXLINK,https://coin-images.coingecko.com/coins/images/39229/large/uxlink.jpg?1721201390
gmx,gmx,GMX,https://coin-images.coingecko.com/coins/images/18323/large/arbit.png?1696517814
insurance-2,insurance,INSURANCE,https://coin-images.coingecko.com/coins/images/51129/large/insurance.png?1730182564
project-galaxy,gal,Galxe,https://coin-images.coingecko.com/coins/images/24530/large/galaxy.jpg?1696523708
wrapped-beacon-eth,wbeth,Wrapped Beacon ETH,https://coin-images.coingecko.com/coins/images/30061/large/wbeth-icon.png?1696528983
moo-deng,moodeng,Moo Deng,https://coin-images.coingecko.com/coins/images/50264/large/MOODENG.jpg?1726726975
skale,skl,SKALE,https://coin-images.coingecko.com/coins/images/13245/large/SKALE_token_300x300.png?1696513021
decred,dcr,Decred,https://coin-images.coingecko.com/coins/images/329/large/decred.png?1696501665
nxm,nxm,Nexus Mutual,https://coin-images.coingecko.com/coins/images/11810/large/NXMmain.png?1696511684
humans-ai,heart,Humans.ai,https://coin-images.coingecko.com/coins/images/21273/large/h_logo_1x.png?1696520644
loopring,lrc,Loopring,https://coin-images.coingecko.com/coins/images/913/large/LRC.png?1696502034
g-token,g,Gravity,https://coin-images.coingecko.com/coins/images/39200/large/gravity.jpg?1721020647
bonfida,fida,Solana Name Service,https://coin-images.coingecko.com/coins/images/13395/large/bonfida.png?1696513157
hivemapper,honey,Hivemapper,https://coin-images.coingecko.com/coins/images/28388/large/honey.png?1696527388
sun-token,sun,Sun Token,https://coin-images.coingecko.com/coins/images/12424/large/RSFOmQ.png?1696512245
amnis-aptos,amapt,Amnis Aptos,https://coin-images.coingecko.com/coins/images/32567/large/amAPT.png?1730240666
corgiai,corgiai,CorgiAI,https://coin-images.coingecko.com/coins/images/30933/large/Token.png?1696529775
cow-protocol,cow,CoW Protocol,https://coin-images.coingecko.com/coins/images/24384/large/CoW-token_logo.png?1719524382
pha,pha,PHALA,https://coin-images.coingecko.com/coins/images/12451/large/phala.png?1696512270
wrapped-ether-mantle-bridge,weth,Wrapped Ether (Mantle Bridge),https://coin-images.coingecko.com/coins/images/31013/large/wrapped-eth-mantle-bridge.png?1696529850
bazaars,bzr,Bazaars,https://coin-images.coingecko.com/coins/images/26392/large/bazaars_logo-color-black-icon.png?1696525469
instadapp,fluid,Fluid,https://coin-images.coingecko.com/coins/images/14688/large/Logo_1_%28brighter%29.png?1734430693
coinex-token,cet,CoinEx,https://coin-images.coingecko.com/coins/images/4817/large/coinex-token.png?1696505367
uma,uma,UMA,https://coin-images.coingecko.com/coins/images/10951/large/UMA.png?1696510900
rocket-pool,rpl,Rocket Pool,https://coin-images.coingecko.com/coins/images/2090/large/rocket_pool_%28RPL%29.png?1696503058
across-protocol,acx,Across Protocol,https://coin-images.coingecko.com/coins/images/28161/large/across-200x200.png?1696527165
zelcash,flux,Flux,https://coin-images.coingecko.com/coins/images/5163/large/Flux_symbol_blue-white.png?1696505679
metars-genesis,mrs,Metars Genesis,https://coin-images.coingecko.com/coins/images/26625/large/PRmUU8O1_400x400.jpeg?1696525698
radix,xrd,Radix,https://coin-images.coingecko.com/coins/images/4374/large/6266da240f9ff5b6237a154c_Radix-Icon-256x256.png?1719376420
verge,xvg,Verge,https://coin-images.coingecko.com/coins/images/203/large/Verge_Coin_%28native%29_icon_200x200.jpg?1699220755
digibyte,dgb,DigiByte,https://coin-images.coingecko.com/coins/images/63/large/digibyte.png?1696501454
bitcoin-gold,btg,Bitcoin Gold,https://coin-images.coingecko.com/coins/images/1043/large/bitcoin-gold-logo.png?1696502150
moonbeam,glmr,Moonbeam,https://coin-images.coingecko.com/coins/images/22459/large/Moonbeam_GLMR_ICON.png?1716647586
aleo,aleo,ALEO,https://coin-images.coingecko.com/coins/images/27916/large/secondary-icon-dark.png?1726770428
elixir-deusd,deusd,Elixir deUSD,https://coin-images.coingecko.com/coins/images/39494/large/deUSD_Logo_%281%29.png?1723689002
velo,velo,Velo,https://coin-images.coingecko.com/coins/images/12538/large/Logo_200x_200.png?1696512350
cetus-protocol,cetus,Cetus Protocol,https://coin-images.coingecko.com/coins/images/30256/large/cetus.png?1696529165
nem,xem,NEM,https://coin-images.coingecko.com/coins/images/242/large/NEM_WC_Logo_200px.png?1696501595
band-protocol,band,Band Protocol,https://coin-images.coingecko.com/coins/images/9545/large/Band_token_blue_violet_token.png?1696509627
ski-mask-dog,ski,Ski Mask Dog,https://coin-images.coingecko.com/coins/images/37195/large/32992128-F52F-4346-84CA-8E0C48F43606.jpeg?1713676521
lcx,lcx,LCX,https://coin-images.coingecko.com/coins/images/9985/large/zRPSu_0o_400x400.jpg?1696510023
mantle-bridged-usdt-mantle,usdt,Mantle Bridged USDT (Mantle),https://coin-images.coingecko.com/coins/images/35069/large/logo.png?1707291114
vethor-token,vtho,VeThor,https://coin-images.coingecko.com/coins/images/5230/large/VTHO_Token_Icon.png?1696505735
apu-s-club,apu,Apu Apustaja,https://coin-images.coingecko.com/coins/images/35986/large/200x200.png?1710308147
coti,coti,COTI,https://coin-images.coingecko.com/coins/images/2962/large/Coti.png?1696503705
zentry,zent,Zentry,https://coin-images.coingecko.com/coins/images/36979/large/Zentry-rebrand-Primary_200px.png?1713743277
constitutiondao,people,ConstitutionDAO,https://coin-images.coingecko.com/coins/images/20612/large/GN_UVm3d_400x400.jpg?1696520017
zano,zano,Zano,https://coin-images.coingecko.com/coins/images/8370/large/zano.png?1696508563
treehouse-eth,teth,Treehouse ETH,https://coin-images.coingecko.com/coins/images/40155/large/tETH_logo_2_%281%29.png?1726079209
pepecoin-2,pepecoin,PepeCoin,https://coin-images.coingecko.com/coins/images/30219/large/pepecoin-icon_200x200.png?1735790725
fuel-network,fuel,Fuel Network,https://coin-images.coingecko.com/coins/images/29577/large/fuel.png?1696528516
ontology,ont,Ontology,https://coin-images.coingecko.com/coins/images/3447/large/ONT.png?1696504138
fwog,fwog,Fwog,https://coin-images.coingecko.com/coins/images/39453/large/fwog.png?1722318442
blast,blast,Blast,https://coin-images.coingecko.com/coins/images/35494/large/Blast.jpg?1719385662
simon-s-cat,cat,Simon's Cat,https://coin-images.coingecko.com/coins/images/39765/large/Simon's_Cat_Logo.png?1724017505
vanar-chain,vanry,Vanar Chain,https://coin-images.coingecko.com/coins/images/33466/large/apple-touch-icon.png?1701942541
wilder-world,wild,Wilder World,https://coin-images.coingecko.com/coins/images/15407/large/wld-logo.png?1712273448
avail,avail,Avail,https://coin-images.coingecko.com/coins/images/37372/large/avail-logo.png?1714145201
constellation-labs,dag,Constellation,https://coin-images.coingecko.com/coins/images/4645/large/Constellation_Network_Logo.png?1696505213
swipe,sxp,Solar,https://coin-images.coingecko.com/coins/images/9368/large/swipe.png?1696509466
delysium,agi,Delysium,https://coin-images.coingecko.com/coins/images/29299/large/AGI_logo_200.png?1696528251
rollbit-coin,rlb,Rollbit Coin,https://coin-images.coingecko.com/coins/images/24552/large/unziL6wO_400x400.jpg?1696523729
usda-2,usda,USDa,https://coin-images.coingecko.com/coins/images/51599/large/SUSDA.png?1731604761
orca,orca,Orca,https://coin-images.coingecko.com/coins/images/17547/large/Orca_Logo.png?1696517083
degen-base,degen,Degen (Base),https://coin-images.coingecko.com/coins/images/34515/large/android-chrome-512x512.png?1706198225
compound-ether,ceth,cETH,https://coin-images.coingecko.com/coins/images/10643/large/ceth.png?1696510617
supra,supra,Supra,https://coin-images.coingecko.com/coins/images/35836/large/photo_2024-03-09_19-25-08.jpg?1709983533
quorium,qgold,Quorium,https://coin-images.coingecko.com/coins/images/33597/large/Linked_in_Profile_Picture.png?1702476714
game-by-virtuals,game,GAME by Virtuals,https://coin-images.coingecko.com/coins/images/51063/large/Gaming_Agent_1fe70d54ba.jpg?1729925539
yield-guild-games,ygg,Yield Guild Games,https://coin-images.coingecko.com/coins/images/17358/large/Shield_Mark_-_Colored_-_Iridescent.png?1696516909
marlin,pond,Marlin,https://coin-images.coingecko.com/coins/images/8903/large/200x200.png?1706115827
abtc,abtc,aBTC,https://coin-images.coingecko.com/coins/images/50837/large/aBTC_512.png?1729260701
icon,icx,ICON,https://coin-images.coingecko.com/coins/images/1060/large/ICON-symbol-coingecko_latest.png?1706638336
big-time,bigtime,Big Time,https://coin-images.coingecko.com/coins/images/32251/large/-6136155493475923781_121.jpg?1696998691
singularitynet,agix,SingularityNET,https://coin-images.coingecko.com/coins/images/2138/large/singularitynet.png?1696503103
huobi-token,ht,Huobi,https://coin-images.coingecko.com/coins/images/2822/large/huobi-token-logo.png?1696503584
cheems-token,cheems,Cheems Token,https://coin-images.coingecko.com/coins/images/30376/large/Hg4_Lhbg_400x400.jpg?1696529270
casper-network,cspr,Casper Network,https://coin-images.coingecko.com/coins/images/15279/large/Casper_Token_Circle_SU_Red-White_RGB_200_x_200.png?1734587165
audius,audio,Audius,https://coin-images.coingecko.com/coins/images/12913/large/AudiusCoinLogo_2x.png?1696512701
hamster-kombat,hmstr,Hamster Kombat,https://coin-images.coingecko.com/coins/images/39102/large/hamster-removebg-preview.png?1720514486
m2-global-wealth-limited-mmx,mmx,MMX,https://coin-images.coingecko.com/coins/images/33161/large/mmx.png?1700830276
oraichain-token,orai,Oraichain,https://coin-images.coingecko.com/coins/images/12931/large/orai.png?1696512718
harrypotterobamasonic10in,bitcoin,HarryPotterObamaSonic10Inu (ETH),https://coin-images.coingecko.com/coins/images/30323/large/hpos10i_logo_casino_night-dexview.png?1696529224
nano,xno,Nano,https://coin-images.coingecko.com/coins/images/756/large/nano.png?1696501910
lorenzo-stbtc,stbtc,Lorenzo stBTC,https://coin-images.coingecko.com/coins/images/50978/large/a.jpg?1730208372
gmt-token,gomining,GoMining Token,https://coin-images.coingecko.com/coins/images/15662/large/GoMining_Logo.png?1714757256
department-of-government-efficiency,doge,Department Of Government Efficiency,https://coin-images.coingecko.com/coins/images/39841/large/IMG_9775.PNG?1729771739
space-id,id,SPACE ID,https://coin-images.coingecko.com/coins/images/29468/large/sid_token_logo_%28green2%29.png?1696528413
kamino,kmno,Kamino,https://coin-images.coingecko.com/coins/images/35801/large/tP0Lcgwp_400x400.jpg?1709824189
origin-ether,oeth,Origin Ether,https://coin-images.coingecko.com/coins/images/29733/large/OETH.png?1696528663
redbelly-network-token,rbnt,Redbelly Network,https://coin-images.coingecko.com/coins/images/34372/large/RBNT.jpg?1704728914
meow,meow,MEOW,https://coin-images.coingecko.com/coins/images/38796/large/MEOW.png?1718897555
ampleforth,ampl,Ampleforth,https://coin-images.coingecko.com/coins/images/4708/large/Ampleforth.png?1696505273
adventure-gold,agld,Adventure Gold,https://coin-images.coingecko.com/coins/images/18125/large/lpgblc4h_400x400.jpg?1696517628
api3,api3,API3,https://coin-images.coingecko.com/coins/images/13256/large/api3.jpg?1696513031
mythos,myth,Mythos,https://coin-images.coingecko.com/coins/images/28045/large/Mythos_Logos_200x200.png?1696527059
metaplex,mplx,Metaplex,https://coin-images.coingecko.com/coins/images/27344/large/mplx.png?1696526391
chromaway,chr,Chromia,https://coin-images.coingecko.com/coins/images/5000/large/Chromia.png?1696505533
reserve-protocol-eth-plus,eth+,ETHPlus,https://coin-images.coingecko.com/coins/images/38061/large/ETH__Logo.png?1716440789
solo-coin,solo,Sologenic,https://coin-images.coingecko.com/coins/images/10771/large/solo.png?1696510734
vvs-finance,vvs,VVS Finance,https://coin-images.coingecko.com/coins/images/20210/large/8glAYOTM_400x400.jpg?1696519620
andy-the-wisguy,andy,ANDY ETH,https://coin-images.coingecko.com/coins/images/35910/large/IMG_20240309_044840_797.jpg?1710179397
xai-blockchain,xai,Xai,https://coin-images.coingecko.com/coins/images/34258/large/round_icon_2048_px.png?1719523838
status,snt,Status,https://coin-images.coingecko.com/coins/images/779/large/status.png?1696501931
chill-guy,chillguy,Just a chill guy,https://coin-images.coingecko.com/coins/images/51746/large/Scherm%C2%ADafbeelding_2024-11-15_om_20.57.58.png?1731926037
netmind-token,nmt,NetMind Token,https://coin-images.coingecko.com/coins/images/35328/large/NMT-logo.png?1708267799
chaingpt,cgpt,ChainGPT,https://coin-images.coingecko.com/coins/images/29306/large/200x200.png?1696528257
moonwell-artemis,well,Moonwell,https://coin-images.coingecko.com/coins/images/26133/large/WELL.png?1696525221
ponke,ponke,PONKE,https://coin-images.coingecko.com/coins/images/33929/large/ponke.png?1703415326
waves,waves,Waves,https://coin-images.coingecko.com/coins/images/425/large/waves.png?1696501700
cookie,cookie,Cookie DAO,https://coin-images.coingecko.com/coins/images/38450/large/cookie_token_logo_200x200.png?1733194528
zignaly,zig,ZIGChain,https://coin-images.coingecko.com/coins/images/14796/large/zig.jpg?1731990265
bitkub-coin,kub,Bitkub Coin,https://coin-images.coingecko.com/coins/images/15760/large/KUB.png?1696515385
tars-protocol,tai,TARS AI,https://coin-images.coingecko.com/coins/images/37538/large/Tars_AI_200_x_200.png?1719524065
oec-token,okt,OKT Chain,https://coin-images.coingecko.com/coins/images/13708/large/WeChat_Image_20220118095654.png?1696513453
liquity,lqty,Liquity,https://coin-images.coingecko.com/coins/images/14665/large/logo_V2.png?1725437146
krypton-dao,krd,Krypton DAO,https://coin-images.coingecko.com/coins/images/25467/large/krd.png?1696524597
unicorn-fart-dust,ufd,Unicorn Fart Dust,https://coin-images.coingecko.com/coins/images/52931/large/untitled.png?1734708671
btse-token,btse,BTSE Token,https://coin-images.coingecko.com/coins/images/10807/large/BTSE_logo_Square.jpeg?1696510765
bouncebit,bb,BounceBit,https://coin-images.coingecko.com/coins/images/37144/large/bb.jpeg?1713439092
non-playable-coin,npc,Non-Playable Coin,https://coin-images.coingecko.com/coins/images/31193/large/NPC_200x200.png?1696530021
alchemist-ai,alch,Alchemist AI,https://coin-images.coingecko.com/coins/images/52302/large/small-logo.png?1733053544
magic,magic,Treasure,https://coin-images.coingecko.com/coins/images/18623/large/magic.png?1696518095
iexec-rlc,rlc,iExec RLC,https://coin-images.coingecko.com/coins/images/646/large/pL1VuXm.png?1696501840
tellor,trb,Tellor Tributes,https://coin-images.coingecko.com/coins/images/9644/large/Blk_icon_current.png?1696509713
balancer,bal,Balancer,https://coin-images.coingecko.com/coins/images/11683/large/Balancer.png?1696511572
mines-of-dalarnia,dar,Mines of Dalarnia,https://coin-images.coingecko.com/coins/images/19837/large/dar.png?1696519259
ssv-network,ssv,SSV Network,https://coin-images.coingecko.com/coins/images/19155/large/ssv.png?1696518606
purr-2,purr,Purr,https://coin-images.coingecko.com/coins/images/37125/large/PURR_CG.png?1713368828
saga-2,saga,Saga,https://coin-images.coingecko.com/coins/images/25691/large/zcPXETKs_400x400.jpg?1696524818
nodeai,gpu,NodeAI,https://coin-images.coingecko.com/coins/images/35432/large/NodeAI.png?1722373937
smooth-love-potion,slp,Smooth Love Potion,https://coin-images.coingecko.com/coins/images/10366/large/SLP.png?1696510368
hypurr-fun,hfun,Hypurr Fun,https://coin-images.coingecko.com/coins/images/38401/large/hfun_small.png?1717458896
osaka-protocol,osak,Osaka Protocol,https://coin-images.coingecko.com/coins/images/30911/large/OSAK_LOGO_200x200.png?1723662197
basedai,basedai,BasedAI,https://coin-images.coingecko.com/coins/images/36607/large/1000004475.png?1711964332
lisk,lsk,Lisk,https://coin-images.coingecko.com/coins/images/385/large/Lisk_logo.png?1722338450
ava-ai,ava,Ava AI,https://coin-images.coingecko.com/coins/images/51935/large/7VZQ0qhB_400x400_%282%29.jpg?1732206907
rcge,$rcge,RCGE,https://coin-images.coingecko.com/coins/images/51366/large/1000233806.png?1730910977
ousg,ousg,OUSG,https://coin-images.coingecko.com/coins/images/29023/large/OUSG.png?1696527993
lofi-2,lofi,LOFI,https://coin-images.coingecko.com/coins/images/52058/large/LOFI.png?1732454544
stakewise-v3-oseth,oseth,StakeWise Staked ETH,https://coin-images.coingecko.com/coins/images/33117/large/Frame_27513839.png?1700732599
usualx,usualx,USUALx,https://coin-images.coingecko.com/coins/images/52435/large/USUALx_logo.png?1733340437
centrifuge,cfg,Centrifuge,https://coin-images.coingecko.com/coins/images/15380/large/centrifuge.PNG?1696515027
alchemix-usd,alusd,Alchemix USD,https://coin-images.coingecko.com/coins/images/14114/large/Alchemix_USD.png?1696513835
unit-00-rei,rei,Unit 00 - Rei,https://coin-images.coingecko.com/coins/images/52005/large/Unit_00_-_Rei.jpg?1732592775
bybit-staked-sol,bbsol,Bybit Staked SOL,https://coin-images.coingecko.com/coins/images/40095/large/400x400.png?1725628094
coin98,c98,Coin98,https://coin-images.coingecko.com/coins/images/17117/large/logo.png?1696516677
pinlink,pin,PinLink,https://coin-images.coingecko.com/coins/images/51611/large/200x00.png?1731616756
venus,xvs,Venus,https://coin-images.coingecko.com/coins/images/12677/large/XVS_Token.jpg?1727454303
landwolf-0x67,wolf,LandWolf,https://coin-images.coingecko.com/coins/images/37403/large/wolf_200x200.png?1715222165
everipedia,iq,IQ,https://coin-images.coingecko.com/coins/images/5010/large/YAIS3fUh.png?1696505542
wax,waxp,WAX,https://coin-images.coingecko.com/coins/images/1372/large/WAX_Coin_Tickers_P_512px.png?1696502430
iostoken,iost,IOST,https://coin-images.coingecko.com/coins/images/2523/large/IOST.png?1696503337
synapse-2,syn,Synapse,https://coin-images.coingecko.com/coins/images/18024/large/synapse_social_icon.png?1696517540
zircuit,zrc,Zircuit,https://coin-images.coingecko.com/coins/images/35960/large/zircuit_token_icon_2.png?1732502352
bora,bora,BORA,https://coin-images.coingecko.com/coins/images/7646/large/mqFw8hxm_400x400.jpeg?1696507900
velodrome-finance,velo,Velodrome Finance,https://coin-images.coingecko.com/coins/images/25783/large/velo.png?1696524870
power-ledger,powr,Powerledger,https://coin-images.coingecko.com/coins/images/1104/large/Powerledger_Northstar_colour_digital_%282%29.png?1706702222
elixir-staked-deusd,sdeusd,Elixir Staked deUSD,https://coin-images.coingecko.com/coins/images/52847/large/Staked_deUSD_%28sdeUSD%29_Logo.png?1734473339
taiko,taiko,Taiko,https://coin-images.coingecko.com/coins/images/38058/large/icon.png?1717626867
ergo,erg,Ergo,https://coin-images.coingecko.com/coins/images/2484/large/channels4_profile.jpg?1726043738
goldfinch,gfi,Goldfinch,https://coin-images.coingecko.com/coins/images/19081/large/GOLDFINCH.png?1696518531
banana-gun,banana,Banana Gun,https://coin-images.coingecko.com/coins/images/31744/large/bg-logo-coingecko-200.png?1716971024
joe,joe,JOE,https://coin-images.coingecko.com/coins/images/17569/large/LFJ_JOE_Logo.png?1727200941
secret,scrt,Secret,https://coin-images.coingecko.com/coins/images/11871/large/scrt_200.png?1733344413
l2-standard-bridged-weth-optimism,weth,L2 Standard Bridged WETH (Optimism),https://coin-images.coingecko.com/coins/images/39715/large/WETH.PNG?1723731805
carv,carv,CARV,https://coin-images.coingecko.com/coins/images/37689/large/CARV_%281%29.png?1728418485
based-pepe,pepe,Based Pepe,https://coin-images.coingecko.com/coins/images/39763/large/based_pepe_transparent.png?1724010222
civic,cvc,Civic,https://coin-images.coingecko.com/coins/images/788/large/civic-orange.png?1696501939
lift-dollar,usdl,Lift Dollar,https://coin-images.coingecko.com/coins/images/38484/large/USDL-Token-200px.png?1725022887
vitadao,vita,VitaDAO,https://coin-images.coingecko.com/coins/images/16580/large/QmRjwywiAfpzSfQTuWM3zCTghSHN7G6ohQaar7Ht6WANUp.png?1696516140
ecoin-2,ecoin,Ecoin,https://coin-images.coingecko.com/coins/images/10849/large/IMG_4307.jpg?1696510805
gho,gho,GHO,https://coin-images.coingecko.com/coins/images/30663/large/gho-token-logo.png?1720517092
edu-coin,edu,Open Campus,https://coin-images.coingecko.com/coins/images/29948/large/EDU_Logo.png?1696528874
dent,dent,Dent,https://coin-images.coingecko.com/coins/images/1152/large/DENT_Token.png?1718837065
smardex,sdex,SmarDex,https://coin-images.coingecko.com/coins/images/29470/large/SDEX_logo_transparent_outside_240x240.png?1696930070
ocean-protocol,ocean,Ocean Protocol,https://coin-images.coingecko.com/coins/images/3687/large/ocean-protocol-logo.jpg?1696504363
deso,deso,Decentralized Social,https://coin-images.coingecko.com/coins/images/16310/large/deso-logo-refresh-white.png?1696515911
polyswarm,nct,PolySwarm,https://coin-images.coingecko.com/coins/images/2843/large/ImcYCVfX_400x400.jpg?1696503602
kelp-gain,ageth,Kelp Gain,https://coin-images.coingecko.com/coins/images/39677/large/Icon___Dark.png?1723610897
airtor-protocol,anyone,ANyONe Protocol,https://coin-images.coingecko.com/coins/images/29690/large/AirTor.png?1696528623
cartesi,ctsi,Cartesi,https://coin-images.coingecko.com/coins/images/11038/large/Cartesi_Logo.png?1696510982
arcblock,abt,Arcblock,https://coin-images.coingecko.com/coins/images/2341/large/arcblock.png?1696503220
spectral,spec,Spectral,https://coin-images.coingecko.com/coins/images/36138/large/ls7wS7vf_400x400.jpg?1724975224
ong,ong,Ontology Gas,https://coin-images.coingecko.com/coins/images/5716/large/ONG_logo.png?1696506172
songbird,sgb,Songbird,https://coin-images.coingecko.com/coins/images/18663/large/SGB_512x512.png?1696518133
anvil,anvl,Anvil,https://coin-images.coingecko.com/coins/images/50825/large/anvil-logo_%281%29.png?1729240436
altura,alu,Altura,https://coin-images.coingecko.com/coins/images/15127/large/logo-dark.png?1696514784
scroll,scr,Scroll,https://coin-images.coingecko.com/coins/images/50571/large/scroll.jpg?1728376125
hashai,hashai,HashAI,https://coin-images.coingecko.com/coins/images/36743/large/HashAi.png?1721618300
